name,cash_revenue,charge_frac,final_soc,n_steps
EMA heuristic (TAU_S=0.9),50439.29149775203,0.5631666666666667,0.4875001013278961,18000
Global median heuristic ($24.21),112794.87694643013,0.39355555555555555,0.11250000447034836,18000
PIO (perfect foresight),31400.27916666666,0.447,0.5,2000
SAC agent (step 50001),738.254694189954,0.0010555555555555555,0.05000000074505806,18000
