name,cash_revenue,inv_adjusted,degradation,initial_soc,final_soc,charge_frac,discharge_frac,hold_frac,n_steps
Median heuristic p_ref=$24.21,98311.56352413917,84303.44238049317,13055.391498252211,0.5,0.1064726784825325,0.18438888888888888,0.16966666666666666,0.6459444444444444,18000
PIO perfect foresight (2000 steps),31400.27916666666,30310.82916666666,0.0,0.5,0.04999999999999999,0.447,0.4555,0.09749999999999992,2000
SAC Plan C best checkpoint step 100000,158183.01262958578,149136.7516438906,7980.799405429863,0.5,0.05990847572684288,0.37405555555555553,0.279,0.34694444444444444,18000
