name,total_rev,mean_rev,std_rev,n_steps
Rule-based heuristic,3134.9095134886593,10.885102477391174,33.607243844840305,288
PIO (perfect foresight LP),31400.27916666666,15.70013958333333,66.16010714879916,2000
SAC agent (step 500000),1218.3960524648428,4.23054184883626,15.247738575188325,288
