step,critic_loss,actor_loss,alpha,episode_reward,val_revenue
10000,294.47152791500093,-20.627102489471437,0.12490058273077011,52.70311655348632,239.54477516189206
